{
  "k": 3,
  "dim": 12,
  "centroids": [
    [
      2.316296296296,
      1.5,
      1.83462962963,
      1.816296296296,
      2.49037037037,
      4.205185185185,
      18.261111111111,
      12.966666666667,
      2.529074074074,
      1.158148148148,
      3.001481481481,
      93.240740740741
    ],
    [
      2.356116504854,
      2.320388349515,
      2.795048543689,
      1.704368932039,
      3.407184456311,
      9.799417475728,
      17.981650485437,
      10.230388349515,
      null,
      null,
      null,
      null
    ],
    [
      2.546666666667,
      1.190476190476,
      1.762857142857,
      1.87380952381,
      2.821904761905,
      5.314285714286,
      18.77619047619,
      13.563333333333,
      2.87619047619,
      1.137142857143,
      3.076666666667,
      120.761904761905
    ]
  ],
  "assignments": [
    2,
    0,
    0,
    1,
    2,
    2,
    0,
    2,
    0,
    0,
    0,
    0,
    0,
    0,
    0,
    2,
    2,
    2,
    2,
    1,
    2,
    0,
    0,
    0,
    0,
    2,
    1,
    0,
    2,
    0,
    0,
    0,
    0,
    2,
    2,
    0,
    2,
    0,
    0,
    1,
    1,
    1,
    1,
    1,
    1,
    1,
    0,
    1,
    0,
    2,
    0,
    0,
    2,
    2,
    1,
    1,
    1,
    0,
    1,
    1,
    1,
    1,
    1,
    0,
    0,
    0,
    0,
    0,
    1,
    2,
    1,
    0,
    1,
    2,
    1,
    0,
    1,
    1,
    1,
    0,
    1,
    0,
    0,
    1,
    1,
    1,
    0,
    0,
    0,
    0,
    0,
    0,
    1,
    0,
    0,
    2,
    1,
    0,
    0,
    0,
    0,
    0,
    1,
    1,
    0,
    1,
    0,
    1,
    1,
    1,
    1,
    1,
    0,
    1,
    1,
    0,
    1,
    2,
    1,
    1,
    1,
    1,
    1,
    1,
    1,
    1,
    1,
    1,
    1,
    1,
    1,
    1,
    1,
    1,
    1,
    1,
    1,
    1,
    1,
    1,
    1,
    1,
    1,
    1,
    1,
    1,
    1,
    1,
    1,
    1,
    1,
    1,
    1,
    1,
    1,
    1,
    1,
    1,
    1,
    1,
    1,
    1,
    1,
    1,
    1,
    1,
    1,
    1,
    1,
    1,
    1,
    1,
    1,
    1,
    1,
    1,
    1,
    1
  ]
}